insert into FEE (id,   fee_amount, start_date, end_date, document_name)
values          (136,  0.002,      null,       null,     null         ),
                (121,  0.002,      null,       null,     null         ),
                (130,  0.002,      null,       null,     null         ),
                (1125, 0.002,      null,       null,     null         ),
                (116,  0.002,      '2020-06-23 10:11:40.607',
                                               null,     null         ),
                (119,  null,       '2020-06-23 10:17:25.839',
                                               null,     null         ),
                (1194, 0,          null,       null,     null         ),
                (129,  0.002,      null,       null,     null         ),
                (1212, 0.002,      null,       null,     null         ),
                (185,  0.002,      null,       null,     null         ),
                (58,   0.002,      null,       null,     null         ),
                (28,   0.002,      null,       null,     null         ),
                (1429, 0.002,      null,       null,     null         ),
                (208,  0.002,      null,       null,     null         )
;

insert into T_CUSTOMER_IDENTIFICATION (id,       type,    "value"               )
values                                (-1000011, 'PHONE', '79708500629'         ),
                                      (-10227,   'PHONE', '79708500624'         ),
                                      (-10327,   'PHONE', '79708500623'         ),
                                      (-10427,   'PHONE', '79708500622'         ),
                                      (-10527,   'PHONE', '79718500622'         ),
                                      (-121,     'PHONE', '999999999121'        ),
                                      (-122,     'PHONE', '999999999122'        ),
                                      (-123,     'PHONE', '999999999123'        ),
                                      (-10025,   'PHONE', '996505240599'        ),
                                      (-10225,   'PHONE', '996505240597'        ),
                                      (-10325,   'PHONE', '996505240596'        ),
                                      (-10425,   'PHONE', '996505240595'        ),
                                      (-10525,   'PHONE', '996505240594'        ),
                                      (-152,     'PHONE', '999999999152'        ),
                                      (-153,     'PHONE', '999999999153'        ),
                                      (-100001,  'PHONE', '79000000000'         ),
                                      (-100002,  'CARD',  '370000000000002'     ),
                                      (-100003,  'CARD',  '370000000000010'     ),
                                      (-100004,  'IBAN',  'KZ563190000012344567'),
                                      (-12345,   'PHONE', '79401237406'         ),
                                      (-12346,   'PHONE', '79781235494'         )
;

insert into t_customer_identification (id,      type,   value,              hashed_value,                                   cc_masked)
values                                (-111100, 'CARD', '411111******1111', '3e7DPsKS9U2UoQLkjL7ye6kaY4ZOJK3iWjNvhZvB2Ek=', true     ),
                                      (-111101, 'CARD', '4222222222222222', null,                                           false    ),
                                      (-112900, 'CARD', '411111******1129', 'm5dQ/jc7QB3wlFgqy6HsVcig9FhKD4B1YbaBZbjMkqY=', true     ),
                                      (-112901, 'CARD', '4012888888881881', null,                                           false    );


insert into PARTICIPANT (ID,      COUNTRY, LOGO, FEE_ID, UPPER_FEE, ACCOUNT_NUMBER,  LOCALE,  STATUS,   CURRENCIES, URL,                                   INN,               AGREEMENT_NUMBER,       ORIGINATOR_MARKUP, RECEIVER_MARKUP, RECEIVER_FEE, MINIMUM_BALANCE, ONLINE_BALANCE,   INTERMEDIARY_CODE, EXTERNAL_ID, INTERMEDIARY_FOR, API_VERSION, IS_FAILING_RESPONSE, IS_VALIDATE_PERSONAL_DATA, IDENTIFICATION_TYPE_LIST, TRANSLITERATE_MANDATORY, is_validate_response_v3)
values                  (0,       'RU',    null, 28,     false,     '1',             'en_US', 'ACTIVE', 'RUB',      'https://109.74.70.51:8441/',          '7726467260',      'ПЛ-ДУШ-ТА-060921',     0.01,              0.01,            0.003,        1000000000000,   1000000000000,    null,              null,        null,             'V1',        false,               false,                     'PHONE',                  false,                   false                  ),
                        (101,     'RU',    null, 136,    false,     '0000000000000', 'ru_RU', 'ACTIVE', 'RUB',      'https://fakehost.nbu.uz:8443',        '9909057314',      'ПЛ-АЛИ-ТА-1-11082021', 0.01,              0.01,            0.003,        1000000000000,   1000000000000,    null,              12345,       null,             'V1',        false,               false,                     'PHONE',                  false,                   false                  ),
                        (10003,   'TJ',    '',   121,    false,     '',              'ru_RU', 'ACTIVE', 'TJS',      'https://fakehost.tj/gate/tinkoff/',   '29909057314',     'ПЛ-УНИ-УЗ-1-06082021', 0.01,              0.01,            0.003,        1000000000000,   1000000000000,    null,              12345,       null,             'V1',        false,               false,                     'PHONE',                  false,                   false                  ),
                        (10005,   'TJ',    '',   130,    false,     '',              'ru_RU', 'ACTIVE', 'TJS',      'https://fakehost.tj:4444/tinkoff/',   '19909057314',     'ПЛ-УНИ-УЗ-1-06082021', 0.01,              0.01,            0.003,        1000000000000,   1000000000000,    null,              12345,       null,             'V1',        false,               false,                     'PHONE',                  false,                   false                  ),
                        (228,     'RU',    '',   1125,   true,      '',              'ru_RU', 'ACTIVE', 'RUB',      'http://localhost:8193/v3',            '1589634258',      'ПЛ-ФИН-КИ-1-07122021', 0.01,              0.01,            0.003,        1000000000000,   1000000000000,    null,              12345,       'SBP',            'V3',        false,               false,                     'PHONE',                  false,                   false                  ),
                        (10011,   'RU',    '',   1125,   true,      '',              'ru_RU', 'ACTIVE', 'RUB',      'http://localhost:8193/v3',            '7710140679',      'ПЛ-ФИН-КИ-1-07122021', 0.01,              0.01,            0.003,        1000000000000,   1000000000000,    null,              12345,       'SBP',            'V3',        false,               false,                     'PHONE',                  false,                   false                  ),
                        (10006,   'RU',    '',   28,     true,      '',              'ru_RU', 'ACTIVE', 'RUB',      'http://127.0.0.1:8086/ops/',          '7710140679',      'ПЛ-ФИН-КИ-1-07122021', 0.01,              0.01,            0.003,        1000000000000,   1000000000000,    null,              null,        'SBP',            'V3',        false,               true,                      'PHONE',                  false,                   false                  ),
                        (10009,   'RU',    '',   28,     true,      '',              'ru_RU', 'ACTIVE', 'KGS',      'http://localhost:8193/v3',            '7710140679',      'ПЛ-ФИН-КИ-1-07122021', 0.01,              0.01,            0.003,        1000000000000,   1000000000000,    null,              null,        'SBP',            'V3',        false,               true,                      'PHONE',                  false,                   false                  ),
                        (10029,   'RU',    '',   28,     true,      '',              'ru_RU', 'ACTIVE', 'RUB',      'http://127.0.0.1:8086/ops/',          '7710140679',      'ПЛ-ФИН-КИ-1-07122021', 0.01,              0.01,            0.003,        1.1,             2.2,              null,              null,        'SBP',            'V2',        false,               false,                     'PHONE',                  false,                   false                  ),
                        (10007,   'KG',    '',   116,    false,     '',              'ru_RU', 'ACTIVE', 'KZT',      'http://fakehost:1111/some/path1',     '77101406791245',  null,                   0.01,              0.01,            0.003,        1000000000000,   1000000000000,    null,              12345,       null,             'V1',        false,               false,                     'PHONE',                  false,                   false                  ),
                        (10010,   'RU',    '',   119,    true,      '',              'ru_RU', 'ACTIVE', 'RUB',      'http://localhost:8193/v1',            '011111111111111', null,                   0.01,              0.01,            0.003,        1000000000000,   1000000000000,    null,              12345,       null,             'V1',        false,               false,                     'PHONE',                  false,                   false                  ),
                        (10036,   'KG',    '',   1194,   false,     '',              'ru_RU', 'ACTIVE', 'KGS',      'http://localhost:8193/v1',            '9109057314',      'ПЛ-УНИ-УЗ-1-06082021', 0.01,              0.01,            0.003,        1000000000000,   1000000000000,    null,              12345,       null,             'V1',        false,               false,                     'PHONE',                  false,                   false                  ),
                        (10008,   'KZ',    '',   129,    false,     '',              'ru_RU', 'ACTIVE', 'KZT',      'http://fakehost:4545/some/path3',     '11111111111111',  null,                   0.01,              0.01,            0.003,        1000000000000,   1000000000000,    null,              12345,       null,             'V1',        false,               false,                     'PHONE',                  false,                   false                  ),
                        (30001,   'AM',    '',   129,    false,     '',              'ru_RU', 'ACTIVE', 'AMD',      'http://fakehost:4545/some/path3',     '111111111111112', null,                   0.01,              0.01,            0.003,        1000000000000,   1000000000000,    null,              12345,       null,             'V1',        false,               false,                     'PHONE',                  false,                   false                  ),
                        (30002,   'AZ',    '',   129,    false,     '',              'ru_RU', 'ACTIVE', 'AZN',      'http://fakehost:4545/some/path3',     '111111111111113', null,                   0.01,              0.01,            0.003,        1000000000000,   1000000000000,    null,              12345,       null,             'V1',        false,               false,                     'PHONE',                  false,                   false                  ),
                        (30003,   'KG',    '',   129,    false,     '',              'ru_RU', 'ACTIVE', 'KGS',      'http://fakehost:4545/some/path3',     '111111111111114', null,                   0.01,              0.01,            0.003,        1000000000000,   1000000000000,    null,              12345,       null,             'V1',        false,               false,                     'PHONE',                  false,                   false                  ),
                        (30004,   'KG',    '',   129,    false,     '',              'ru_RU', 'ACTIVE', 'KGS',      'http://fakehost:4545/some/path3',     '111111111111115', null,                   0.01,              0.01,            0.003,        1000000000000,   1000000000000,    null,              12345,       null,             'V1',        false,               false,                     'PHONE',                  false,                   false                  ),
                        (30005,   'RU',    '',   129,    false,     '',              'ru_RU', 'ACTIVE', 'RUB',      'http://fakehost:4545/some/path3',     '111111111111116', null,                   0.01,              0.01,            0.003,        1000000000000,   1000000000000,    null,              12345,       null,             'V1',        false,               false,                     'PHONE',                  false,                   false                  ),
                        (30006,   'TJ',    '',   129,    false,     '',              'ru_RU', 'ACTIVE', 'TJS',      'http://fakehost:4545/some/path3',     '111111111111117', null,                   0.01,              0.01,            0.003,        1000000000000,   1000000000000,    null,              12345,       null,             'V1',        false,               false,                     'PHONE',                  false,                   false                  ),
                        (30007,   'UZ',    '',   129,    false,     '',              'ru_RU', 'ACTIVE', 'UZS',      'http://fakehost:4545/some/path3',     '111111111111118', null,                   0.01,              0.01,            0.003,        1000000000000,   1000000000000,    null,              12345,       null,             'V1',        false,               false,                     'PHONE',                  false,                   false                  ),
                        (30008,   'BY',    '',   129,    false,     '',              'ru_RU', 'ACTIVE', 'BYN',      'http://fakehost:4545/some/path3',     '111111111111119', null,                   0.01,              0.01,            0.003,        1000000000000,   1000000000000,    null,              12345,       null,             'V1',        false,               false,                     'PHONE',                  false,                   false                  ),
                        (10025,   'KG',    '',   28,     false,     '',              'ky_KG', 'ACTIVE', 'KGS',      'http://localhost:8193/v2',            '9909412625',      'ПЛ-УНИ-УЗ-1-06082025', 0.01,              0.01,            0.003,        1000000000000,   1000000000981.83, null,              null,        null,             'V2',        false,               false,                     'PHONE',                  false,                   false                  ),
                        (10225,   'KG',    '',   28,     false,     '',              'ky_KG', 'ACTIVE', 'KGS',      'http://localhost:8193/v2',            '9909412625',      'ПЛ-УНИ-УЗ-1-06082025', 0.01,              0.01,            0.003,        1000000000000,   1000000000981.83, null,              null,        null,             'V2',        false,               false,                     'PHONE',                  false,                   false                  ),
                        (10325,   'KG',    '',   28,     false,     '',              'ky_KG', 'ACTIVE', 'KGS',      'http://localhost:8193/v3',            '9909412625',      'ПЛ-УНИ-УЗ-1-06082025', 0.01,              0.01,            0.003,        1000000000000,   1000000000981.83, null,              null,        null,             'V3',        false,               false,                     'PHONE',                  false,                   false                  ),
                        (103250,  'KG',    '',   28,     false,     '',              'ky_KG', 'ACTIVE', 'KGS',      'http://localhost:8193/v3',            '9909412625',      'ПЛ-УНИ-УЗ-1-06082025', 0.01,              0.01,            0.003,        1000000000000,   1000000000981.83, null,              null,        null,             'V3',        false,               false,                     'PHONE',                  false,                   false                  ),
                        (10425,   'KG',    '',   28,     false,     '',              'ky_KG', 'ACTIVE', 'KGS',      'http://localhost:8193/v2',            '9909412625',      'ПЛ-УНИ-УЗ-1-06082025', 0.01,              0.01,            0.003,        1000000000000,   1000000000981.83, null,              null,        null,             'V2',        false,               false,                     'PHONE',                  false,                   false                  ),
                        (10525,   'KG',    '',   28,     false,     '',              'ky_KG', 'ACTIVE', 'KGS',      'http://localhost:8193/v2',            '9909412625',      'ПЛ-УНИ-УЗ-1-06082025', 0.01,              0.01,            0.003,        1000000000000,   1000000000981.83, null,              null,        null,             'V2',        false,               false,                     'PHONE',                  false,                   false                  ),
                        (10026,   'TJ',    '',   28,     false,     '',              'ru_RU', 'ACTIVE', 'TJS',      'https://hp-xmlgate-test.humo.tj/v1/', '9909412640',      'ПЛ-УНИ-УЗ-1-06082021', 0.01,              0.01,            0.003,        1000000000000,   1000000000981.83, null,              null,        null,             'V2',        false,               false,                     'PHONE',                  false,                   false                  ),
                        (1000011, 'RU',    '',   28,     true,      '',              'ru_RU', 'ACTIVE', 'RUB',      'http://127.0.0.1:8086/ops/',          '7710140679',      'ПЛ-ФИН-КИ-1-07122021', 0.01,              0.01,            0.003,        1000000000000,   1000000000000,    null,              null,        'SBP',            'V2',        false,               false,                     'PHONE',                  false,                   false                  ),
                        (10227,   'RU',    '',   28,     true,      '',              'ru_RU', 'ACTIVE', 'RUB',      'http://127.0.0.1:8086/ops/',          '7710140679',      'ПЛ-ФИН-КИ-1-07122021', 0.01,              0.01,            0.003,        1000000000000,   1000000000000,    null,              null,        'SBP',            'V2',        false,               false,                     'PHONE',                  false,                   false                  ),
                        (10327,   'RU',    '',   28,     true,      '',              'ru_RU', 'ACTIVE', 'RUB',      'http://localhost:8193/v2',            '7710140679',      'ПЛ-ФИН-КИ-1-07122021', 0.01,              0.01,            0.003,        1000000000000,   1000000000000,    null,              null,        'SBP',            'V2',        false,               false,                     'PHONE',                  false,                   false                  ),
                        (10427,   'RU',    '',   28,     true,      '',              'ru_RU', 'ACTIVE', 'RUB',      'http://localhost:8193/v2',            '7710140679',      'ПЛ-ФИН-КИ-1-07122021', 0.01,              0.01,            0.003,        1000000000000,   1000000000000,    null,              null,        'SBP',            'V2',        false,               false,                     'PHONE',                  false,                   false                  ),
                        (10527,   'RU',    '',   28,     true,      '',              'ru_RU', 'ACTIVE', 'RUB',      'http://localhost:8193/v2',            '7710140679',      'ПЛ-ФИН-КИ-1-07122021', 0.01,              0.01,            0.003,        1000000000000,   1000000000000,    null,              null,        'SBP',            'V2',        false,               false,                     'PHONE',                  false,                   false                  ),
                        (1000021, 'RU',    '',   null,   true,      '',              'ru_RU', 'ACTIVE', 'RUB',      'http://localhost:8193/v1',            '7700000121',      '',                     null,              null,            null,         1000000000000,   1000000000000,    null,              null,        null,             'V1',        false,               false,                     'PHONE',                  false,                   false                  ),
                        (1000022, 'RU',    '',   null,   true,      '',              'ru_RU', 'ACTIVE', 'RUB',      'http://localhost:8193/v2',            '7700000122',      '',                     null,              null,            null,         1000000000000,   1000000000000,    null,              null,        'SBP',            'V2',        false,               false,                     'PHONE',                  false,                   false                  ),
                        (1000023, 'RU',    '',   null,   true,      '',              'ru_RU', 'ACTIVE', 'RUB',      'http://localhost:8193/v3',            '7700000123',      '',                     null,              null,            null,         1000000000000,   1000000000000,    null,              null,        'SBP',            'V3',        false,               false,                     'PHONE,CARD',             false,                   true                   ),
                        (1000052, 'KG',    '',   null,   true,      '',              'ky_KG', 'ACTIVE', 'KGS',      'http://localhost:8193/v2',            '7700000152',      '',                     null,              null,            null,         1000000000000,   1000000000000,    null,              null,        'SBP',            'V2',        false,               false,                     'PHONE',                  false,                   false                  ),
                        (1000053, 'KG',    '',   null,   true,      '',              'ky_KG', 'ACTIVE', 'KGS',      'http://localhost:8193/v3',            '7700000153',      '',                     null,              null,            null,         1000000000000,   1000000000000,    null,              null,        'SBP',            'V3',        false,               false,                     'PHONE,CARD',             false,                   true                   ),
                        (1000054, 'RU',    '',   null,   true,      '',              'ru_RU', 'ACTIVE', 'KGS',      'http://localhost:8193/v3',            '7700000153',      '',                     null,              null,            null,         1000000000000,   1000000000000,    null,              null,        'SBP',            'V3',        false,               false,                     'PHONE,CARD',             false,                   true                   ),
                        (1000055, 'TR',    '',   null,   true,      '',              'tr_TR', 'ACTIVE', 'TRY',      'http://localhost:8193/v3',            '7700000153',      '',                     null,              null,            null,         1000000000000,   1000000000000,    null,              null,        'SBP',            'V3',        false,               false,                     'PHONE,CARD',             false,                   true                   ),
                        (1000057, 'CN',    '',   null,   true,      '',              'cn_CN', 'ACTIVE', 'CNY',      'http://localhost:8193/v3',            '7700000153',      '',                     null,              null,            null,         1000000000000,   1000000000000,    null,              null,        'SBP',            'V3',        false,               false,                     'PHONE',                  false,                   true                   ),
                        (1000058, 'CN',    '',   null,   true,      '',              'cn_CN', 'ACTIVE', 'CNY',      'http://localhost:8193/v3',            '7700000153',      '',                     null,              null,            null,         1000000000000,   1000000000000,    null,              null,        'SBP',            'V3',        false,               false,                     'PHONE',                  false,                   true                   ),
                        (3005001, 'RU',    '',   28,     true,      '',              'ru_RU', 'ACTIVE', 'RUB',      'https://localhost/v3',                '7710140679',      'ПЛ-ФИН-КИ-1-07122021', 0.01,              0.01,            0.003,        1.1,             2.2,              null,              null,        'SBP',            'V3',        false,               false,                     'PHONE',                  false,                   false                  ),
                        (3005002, 'KG',    '',   28,     true,      '',              'ru_RU', 'ACTIVE', 'KGS',      'https://localhost/v3',                '7710140679',      'ПЛ-ФИН-КИ-1-07122021', 0.01,              0.01,            0.003,        1.1,             2.2,              null,              null,        'SBP',            'V3',        false,               false,                     'PHONE',                  false,                   false                  ),
                        (1000056, 'KG',    '',   28,     true,      '',              'ru_RU', 'ACTIVE', 'KGS',      'http://localhost:8193/v3',            '7710140679',      'ПЛ-ФИН-КИ-1-07122021', 0.01,              0.01,            0.003,        1.1,             2.2,              null,              null,        'SBP',            'V3',        false,               false,                     'PHONE',                  false,                   false                  ),
                        (1000059, 'RU',    '',   null,   true,      '',              'ru_RU', 'ACTIVE', 'RUB',      'http://localhost:8193/v3',            '7700000123',      '',                     null,              null,            null,         1000000000000,   1000000000000,    null,              null,        'SBP',            'V3',        false,               false,                     'PHONE,CARD',             false,                   true                   ),
                        (1000060, 'KG',    '',   null,   true,      '',              'ru_RU', 'ACTIVE', 'KGS',      'http://localhost:8193/v3',            '7700000123',      '',                     null,              null,            null,         1000000000000,   1000000000000,    null,              null,        'SBP',            'V3',        false,               false,                     'PHONE,CARD',             false,                   true                   ),
                        (1000061, 'CN',    '',   null,   true,      '',              'cn_CN', 'ACTIVE', 'CNY',      'http://localhost:8193/v3',            '7700000153',      '',                     null,              null,            null,         1000000000000,   1000000000000,    null,              null,        'SBP',            'V3',        false,               false,                     'PHONE',                  true,                    true                   ),
                        (10119,   'RU',    '',   null,   true,      '',              'ru_RU', 'ACTIVE', 'RUB',      'http://localhost:8193/v3',            '7700000953',      '',                     null,              null,            null,         1000000000000,   1000000000000,    null,              null,        'SBP',            'V3',        false,               false,                     'PHONE',                  false,                   true                   ),
                        (2,       'UZ',    '',   null,   true,      '',              'ru_RU', 'ACTIVE', 'UZS',      'http://localhost:8193/v3',            '9900000653',      '',                     null,              null,            null,         1000000000000,   1000000000000,    null,              null,        'SBP',            'V3',        false,               false,                     'PHONE',                  false,                   true                   ),
                        (1000062, 'BY',    '',   null,   true,      '',              'ru_RU', 'ACTIVE', 'RUB',      'http://localhost:8193/v3',            '7700000123',      '',                     null,              null,            null,         1000000000000,   1000000000000,    null,              null,        'SBP',            'V3',        false,               false,                     'PHONE,CARD',             false,                   true                   ),
                        (10,      'RU',    '',   null,   true,      '',              'ru_RU', 'ACTIVE', 'RUB',      'http://localhost:8193/v3',            '7700000953',      '',                     null,              null,            null,         1000000000000,   1000000000000,    null,              null,        'SBP',            'V3',        false,               false,                     'PHONE',                  true,                    true                   ),
                        (20,      'RU',    '',   null,   true,      '',              'ru_RU', 'ACTIVE', 'KGS',      'http://localhost:8193/v3',            '7700000953',      '',                     null,              null,            null,         1000000000000,   1000000000000,    null,              null,        'SBP',            'V3',        false,               false,                     'PHONE',                  true,                    true                   ),
                        (1000070,  'RU',   '',   28,     true,      '',              'ru_RU', 'ACTIVE', 'KGS',      'http://localhost:8193/v3',            '7710140679',      'ПЛ-ФИН-КИ-1-07122021', 0.01,              0.01,            0.003,        1000000000000,   1000000000000,    null,              null,        'SBP',            'V3',        false,               false,                      'PHONE',                  false,                   false                  ),
                        (1000063, 'RU',    '',   28,     true,      '',              'ru_RU', 'ACTIVE', 'RUB',      'http://localhost:8193/v3',            '7710140674',      'ПЛ-ФИН-КИ-1-07122021', 0.01,              0.01,            0.003,        1.1,             2.2,              null,              null,        null,             'V3',        false,               false,                     'PHONE',                     false,                false                  ),
                        (1000064, 'AZ',    '',   28,     true,      '',              'ru_RU', 'ACTIVE', 'AZN',      'http://localhost:8193',               '7710140674',      'ПЛ-ФИН-КИ-1-07122021', 0.01,              0.01,            0.003,        1.1,             2.2,              null,              null,        null,             'V1',        false,               false,                     'QR',                     false,                   false                  );

-- customer
insert into CUSTOMER (ID,  PARTICIPANT_ID, EMAIL, FULL_NAME,             REGISTRATION_DATA, ACCOUNT_MASK, DISPLAY_NAME,          CURRENCIES, IDENTIFICATION_ID, FULL_NAME_LAT)
values               (1,   1000011,        null,  null,                  null,              null,         null,                  null,       -1000011,          null         ),
                     (4,   10227,          null,  null,                  null,              null,         null,                  null,       -10227,            null         ),
                     (121, 1000021,        null,  'Иван Иван Иванович',  null,              null,         'Иван И.',             null,       -121,              null         ),
                     (122, 1000022,        null,  'Иван Иван Иванович',  null,              null,         'Иван И.',             null,       -122,              null         ),
                     (123, 1000023,        null,  'Иван Иван Иванович',  null,              null,         'Иван И.',             null,       -123,              null         ),
                     (125, 10025,          null,  'Азамат Жанузак уулу', null,              null,         'Азамат Ж.',           null,       -10025,            null         ),
                     (152, 1000052,        null,  'Азамат Жанузак уулу', null,              null,         'Азамат Ж.',           null,       -152,              null         ),
                     (153, 1000053,        null,  'Азамат Жанузак уулу', null,              null,         'Азамат Ж.',           null,       -153,              null         ),
                     (631, 1000011,        null,  'Магомед С.',          null,              null,         'Магомед С.',          null,       -100001,           null         ),
                     (632, 10005,          null,  'Магомед С.',          null,              null,         'Магомед С.',          null,       -100001,           null         ),
                     (633, 10006,          null,  'Магомед С.',          null,              null,         'Магомед С.',          null,       -100001,           null         ),
                     (634, 10009,          null,  'Магомед С.',          null,              null,         'Магомед С.',          null,       -100001,           null         ),
                     (648, 10025,          null,  null,                  null,              null,         'Тохир Мансурович Д.', 'TJS',      -100002,           null         ),
                     (649, 10025,          null,  null,                  null,              null,         'Тохир Мансурович Д.', 'TJS',      -100001,           null         ),
                     (650, 10025,          null,  null,                  null,              null,         'Тохир Мансурович Д.', 'TJS',      -100004,           null         ),
                     (652, 10026,          null,  null,                  null,              null,         'Тохир Мансурович Д.', 'TJS',      -100003,           null         ),
                     (651, 10026,          null,  null,                  null,              null,         'Тохир Мансурович Д.', 'TJS',      -100004,           null         ),
                     (653, 10011,          null,  'Магомед С.',          null,              null,         'Магомед С.',          null,       -100001,           null         ),
                     (654, 30003,          null,  'Магомед С.',          null,              null,         'Магомед С.',          null,       -100001,           null         ),
                     (655, 3005001,        null,  'Магомед С.',          null,              null,         'Магомед С.',          null,       -100001,           null         ),
                     (656, 3005002,        null,  'Магомед С.',          null,              null,         'Магомед С.',          null,       -100001,           null         ),
                     (657, 10327,          null,  'Магомед С.',          null,              null,         'Магомед С.',          null,       -100001,           null         ),
                     (658, 10325,          null,  'Магомед С.',          null,              null,         'Магомед С.',          null,       -100001,           null         ),
                     (659, 10225,          null,  'Магомед С.',          null,              null,         'Магомед С.',          null,       -100001,           null         ),
                     (660, 10010,          null,  'Магомед С.',          null,              null,         'Магомед С.',          null,       -100001,           null         ),
                     (661, 10036,          null,  'Магомед С.',          null,              null,         'Магомед С.',          null,       -100001,           null         ),
                     (662, 10425,          null,  'Магомед С.',          null,              null,         'Магомед С.',          null,       -100001,           null         ),
                     (663, 10427,          null,  'Магомед С.',          null,              null,         'Магомед С.',          null,       -100001,           null         ),
                     (664, 10527,          null,  'Магомед С.',          null,              null,         'Магомед С.',          null,       -100001,           null         ),
                     (165, 10119,          null,  'Саадат К.',           null,              null,         'Саадат К.',           null,       -12345,            null         ),
                     (166, 2,              null,  'Умидбек В.',          null,              null,         'Умидбек В.',          null,       -12346,            null         );

insert into participant (id,        country, logo, fee_id, upper_fee, account_number, locale,  status,   currencies, url,                                                    inn,          agreement_number,       originator_markup, receiver_markup, receiver_fee, minimum_balance, online_balance, intermediary_code, external_id, intermediary_for, api_version, is_failing_response, is_validate_personal_data, transliterate_mandatory, identification_type_list, is_send_originator, is_report_settlement_prefix, is_validate_response_v3, is_report_intermediaries_prefix)
values                  (10111,     'RU',    '',   208,    false,     '',             'ru_RU', 'ACTIVE', 'RUB',      'https://receiver-emulator-dev.tst.xfer.world:8093/v3', '7710140679', '',                     0.01,              0.01,            0.003,        0,               3421521,        null,              null,        'SBP',            'V3',        false,               false,                     false,                   'PHONE',                  true,               true,                        false,                   false                          ),
                        (20011,     'UZ',    null, 1429,   false,     null,           'ru_RU', 'ACTIVE', 'UZS,RUB',  'https://receiver-emulator-dev.tst.xfer.world:8093/v3', '9909094115', 'ПЛ-УНИ-УЗ-1-06082021', 0.01,              0.01,            0.003,        0,               94298485.79,    null,              null,        null,             'V2',        false,               false,                     false,                   'PHONE',                  true,               false,                       false,                   false                          ),
                        (234556662, 'RU',    '',   208,    false,     '',             'ru_RU', 'ACTIVE', 'RUB',      'https://receiver-emulator-dev.tst.xfer.world:8093/v3', '7710140679', '',                     0.01,              0.01,            0.003,        0,               3421521,        null,              null,        'SBP',            'V3',        false,               false,                     false,                   'PHONE',                  true,               true,                        false,                   false                          )
;
